mean_fit_time,std_fit_time,mean_score_time,std_score_time,param_model__fit_intercept,params,split0_test_score,split1_test_score,split2_test_score,split3_test_score,split4_test_score,mean_test_score,std_test_score,rank_test_score,model,param_model__alpha,param_model__subsample,param_model__reg_lambda,param_model__reg_alpha,param_model__n_estimators,param_model__min_child_weight,param_model__max_depth,param_model__learning_rate,param_model__gamma,param_model__colsample_bytree
0.03426375389099121,0.003368550833602234,0.01104593276977539,0.0012523888722372708,True,{'model__fit_intercept': True},0.0,-4.279063603381445,-0.2572016088157365,-0.6377345926436031,0.0,-1.0347999609681569,1.6388525622469525,1,LinearRegression,,,,,,,,,,
0.027467107772827147,0.00513419606806032,0.009188413619995117,0.0015427480383501432,False,{'model__fit_intercept': False},0.0,-4.3251131726739604,-0.26206507585537997,-0.6235110571755473,0.0,-1.0421378611409777,1.6573346970798393,2,LinearRegression,,,,,,,,,,
0.017036008834838866,0.0016838231923747738,0.006645822525024414,0.000809816668920595,,{'model__alpha': np.float64(43.92997516807047)},0.0,-3.665205782700629,-0.18242841631766304,-0.8000495376194303,0.0,-0.9295367473275444,1.3990639725263465,17,Ridge,43.92997516807047,,,,,,,,,
0.016569757461547853,0.0021725649432005915,0.006905031204223633,0.0015095437148182024,,{'model__alpha': np.float64(4.219892189394756)},0.0,-4.169953159934129,-0.2444358466870915,-0.647271914534026,0.0,-1.0123321842310493,1.5964421013231123,49,Ridge,4.219892189394756,,,,,,,,,
0.018323421478271484,0.0029286878146510863,0.0070838451385498045,0.0011574982651456265,,{'model__alpha': np.float64(94.78021614711781)},0.0,-3.5192272230633543,-0.1607742843597464,-1.013874682425246,0.0,-0.9387752379696692,1.3440428380523772,38,Ridge,94.78021614711781,,,,,,,,,
0.017583465576171874,0.0015245246286455078,0.006916046142578125,0.0007107230090113024,,{'model__alpha': np.float64(45.40554695201473)},0.0,-3.656506216253857,-0.18128582248668446,-0.8065077844215913,0.0,-0.9288599646324265,1.3956685061851637,16,Ridge,45.40554695201473,,,,,,,,,
0.019025611877441406,0.0012016025646126658,0.007415103912353516,0.0006012831179854334,,{'model__alpha': np.float64(22.315143894712026)},0.0,-3.8558582386511793,-0.20654256604361465,-0.7085184007125978,0.0,-0.9541838410814784,1.473768428173529,43,Ridge,22.315143894712026,,,,,,,,,
0.018092870712280273,0.0019833604160322343,0.007581138610839843,0.0010985912809369815,,{'model__alpha': np.float64(42.004639961095805)},0.0,-3.6772098381946776,-0.18399552520387985,-0.7916344217420421,0.0,-0.93056795702812,1.4037541089421748,20,Ridge,42.004639961095805,,,,,,,,,
0.01772594451904297,0.001357551227331397,0.0069714546203613285,0.0009200136414545771,,{'model__alpha': np.float64(46.561384208235204)},0.0,-3.649980212833036,-0.18042448869304106,-0.8115697758568743,0.0,-0.9283948954765903,1.3931237304376287,13,Ridge,46.561384208235204,,,,,,,,,
0.01705656051635742,0.001799020255822878,0.00654134750366211,0.0008612708413589335,,{'model__alpha': np.float64(65.36733836606894)},0.0,-3.572452543931739,-0.16973944792195805,-0.893314362914778,0.0,-0.9271012709536951,1.3632061749269813,8,Ridge,65.36733836606894,,,,,,,,,
0.016517448425292968,0.0011336333498756517,0.006463956832885742,0.0006408891398000091,,{'model__alpha': np.float64(54.49750139250597)},0.0,-3.6112938861279273,-0.17522374784371908,-0.8462935198537309,0.0,-0.9265622307650755,1.3780980936158356,2,Ridge,54.49750139250597,,,,,,,,,
0.016801977157592775,0.0015307527992976953,0.006388998031616211,0.0005500481577839833,,{'model__alpha': np.float64(71.44147023095915)},0.0,-3.5562692834126093,-0.16730771656629595,-0.9191140098877644,0.0,-0.928538201973334,1.3571217844187209,14,Ridge,71.44147023095915,,,,,,,,,
0.01791701316833496,0.0009926500961057255,0.006846714019775391,0.00041869738509485715,,{'model__alpha': np.float64(50.44910440581477)},0.0,-3.629764023839548,-0.1777295890421624,-0.828597535622903,0.0,-0.9272182297009227,1.3852566783215843,9,Ridge,50.44910440581477,,,,,,,,,
0.019031858444213866,0.002737372344776239,0.007574462890625,0.0012397474193804189,,{'model__alpha': np.float64(18.95492584646263)},0.0,-3.900025170540231,-0.21197719009384786,-0.6954652143840208,0.0,-0.9614935150036199,1.4910703288185687,45,Ridge,18.95492584646263,,,,,,,,,
0.02002882957458496,0.0020121443355395185,0.007610225677490234,0.0005674650200979287,,{'model__alpha': np.float64(78.79973182396677)},0.0,-3.540827489608067,-0.16483214500663523,-0.9497853086929244,0.0,-0.9310889886615253,1.3514501511907022,23,Ridge,78.79973182396677,,,,,,,,,
0.01868405342102051,0.002346512988871358,0.007807111740112305,0.0011016742096226194,,{'model__alpha': np.float64(79.67459471257101)},0.0,-3.5392553057349074,-0.1645672939700713,-0.9533857845454285,0.0,-0.9314416768500815,1.350883931411146,24,Ridge,79.67459471257101,,,,,,,,,
0.018633127212524414,0.002456150325874874,0.007006120681762695,0.0008102288886088421,,{'model__alpha': np.float64(7.542349098187303)},0.0,-4.095799513465567,-0.2356394205484722,-0.6564186881733602,0.0,-0.9975715244374801,1.5675611856231864,48,Ridge,7.542349098187303,,,,,,,,,
0.016681337356567384,0.0018875161401145652,0.006005477905273437,0.0003537832039226223,,{'model__alpha': np.float64(86.3611256933649)},0.0,-3.528845587444784,-0.16272037019755947,-0.9805600113192976,0.0,-0.9344251937923282,1.3472174895491154,27,Ridge,86.3611256933649,,,,,,,,,
0.018122243881225585,0.0015620280464920958,0.007224321365356445,0.00044816419994428685,,{'model__alpha': np.float64(26.96336423973988)},0.0,-3.802542570606497,-0.19992326469215982,-0.7273282423971539,0.0,-0.9459588155391622,1.4528671846901284,41,Ridge,26.96336423973988,,,,,,,,,
0.02010507583618164,0.0034319337334223804,0.008292198181152344,0.0014365360554358807,,{'model__alpha': np.float64(41.45673034122538)},0.0,-3.680767011546048,-0.18445797385595064,-0.7892429945001804,0.0,-0.9308935959804359,1.405144875561616,22,Ridge,41.45673034122538,,,,,,,,,
0.020880842208862306,0.0022966896726545373,0.008875370025634766,0.0007093272722863835,,{'model__alpha': np.float64(95.95484700984768)},0.0,-3.5181506167391614,-0.16053111262023068,-1.0184406925530567,0.0,-0.9394244843824897,1.3437100606263725,39,Ridge,95.95484700984768,,,,,,,,,
0.021010541915893556,0.0036072031532459435,0.008411741256713868,0.00139991552798794,,{'model__alpha': np.float64(32.41558474211007)},0.0,-3.7497581701190397,-0.19329175644330943,-0.750197832836685,0.0,-0.9386495518798068,1.4321682805910398,37,Ridge,32.41558474211007,,,,,,,,,
0.020070457458496095,0.0031439052444263895,0.007907772064208984,0.001965078643113665,,{'model__alpha': np.float64(51.937500537207484)},0.0,-3.6226844812238346,-0.17677473156219414,-0.8351101463593165,0.0,-0.926913871829069,1.3825089138103512,5,Ridge,51.937500537207484,,,,,,,,,
0.019729995727539064,0.0031227733348467,0.006913995742797852,0.0010786456889910212,,{'model__alpha': np.float64(89.61307604207742)},0.0,-3.5247112056825385,-0.16192357946071567,-0.9935494447137776,0.0,-0.9360368459714064,1.3458175168320545,31,Ridge,89.61307604207742,,,,,,,,,
0.01800985336303711,0.004346981051241135,0.007498836517333985,0.001816720402851366,,{'model__alpha': np.float64(39.56964142619781)},0.0,-3.6935205117523067,-0.18610939085656497,-0.7810215679784291,0.0,-0.9321302941174601,1.4101340886376723,26,Ridge,39.56964142619781,,,,,,,,,
0.018485879898071288,0.003500568881648709,0.008003759384155273,0.0017254177363814566,,{'model__alpha': np.float64(16.971079657926744)},0.0,-3.9286166320017433,-0.21547453601456046,-0.6880264624399113,0.0,-0.9664235260912429,1.5022627047900667,46,Ridge,16.971079657926744,,,,,,,,,
0.022171926498413087,0.0019169920291457407,0.00853281021118164,0.0012005762599667047,,{'model__alpha': np.float64(51.128903239308876)},0.0,-3.6264873890296174,-0.17728845219758282,-0.8315728087056782,0.0,-0.9270697299865758,1.3839843852417704,7,Ridge,51.128903239308876,,,,,,,,,
0.020481204986572264,0.0009246391569049673,0.008121013641357422,0.0008110638290267241,,{'model__alpha': np.float64(90.72347540392443)},0.0,-3.523424850162418,-0.16166505340041937,-0.9979500029757564,0.0,-0.9366079813077188,1.3453913868778653,33,Ridge,90.72347540392443,,,,,,,,,
0.019441509246826173,0.00203886059538407,0.007256650924682617,0.0006334529332572815,,{'model__alpha': np.float64(80.36800910670377)},0.0,-3.5380457189764103,-0.16436142570695456,-0.9562322603468392,0.0,-0.9317278810060408,1.350450154751053,25,Ridge,80.36800910670377,,,,,,,,,
0.018308305740356447,0.003464804856288381,0.006415128707885742,0.0007676674109537107,,{'model__alpha': np.float64(91.051540394225)},0.0,-3.5230564896094405,-0.16158992899950997,-0.9992467249171015,0.0,-0.9367786287052103,1.3452703338286132,34,Ridge,91.051540394225,,,,,,,,,
0.015781307220458986,0.0010351033659568283,0.006254339218139648,0.0007461934875570851,,{'model__alpha': np.float64(41.76254901582943)},0.0,-3.6787736633791646,-0.18419893335304116,-0.790577571059925,0.0,-0.9307100335584263,1.4043654778192132,21,Ridge,41.76254901582943,,,,,,,,,
0.01935997009277344,0.0010136558796580103,0.007609319686889648,0.0009278978665264358,,{'model__alpha': np.float64(34.40111578361306)},0.0,-3.7327949280195307,-0.1911400968947088,-0.7586810879219397,0.0,-0.9365232225672357,1.4255182055954998,32,Ridge,34.40111578361306,,,,,,,,,
0.02001357078552246,0.002235262080689374,0.008582162857055663,0.0012118095038389566,,{'model__alpha': np.float64(91.55514857449309)},0.0,-3.522501215274504,-0.16147569956040786,-1.0012342677844046,0.0,-0.9370422365238633,1.3450887336526491,35,Ridge,91.55514857449309,,,,,,,,,
0.020755481719970704,0.0017855203038650072,0.008277320861816406,0.000628841006358768,,{'model__alpha': np.float64(92.79754643679672)},0.0,-3.521183141673075,-0.16119943743106835,-1.00612174676418,0.0,-0.9377008651736645,1.3446622164993975,36,Ridge,92.79754643679672,,,,,,,,,
0.022092771530151368,0.004333000379844293,0.007812595367431641,0.0015528150522072447,,{'model__alpha': np.float64(64.78238690424493)},0.0,-3.5741987377356015,-0.16999502019104828,-0.890809292446507,0.0,-0.9270006100746313,1.3638684294194858,6,Ridge,64.78238690424493,,,,,,,,,
0.01948719024658203,0.0018057061598104472,0.007345724105834961,0.001256800444149336,,{'model__alpha': np.float64(86.93072076584234)},0.0,-3.5280804810883106,-0.1625763667546467,-0.9828460658604605,0.0,-0.9347005827406836,1.3469553406376904,28,Ridge,86.93072076584234,,,,,,,,,
0.01780076026916504,0.00372635288770092,0.0070437431335449215,0.0014271833216817872,,{'model__alpha': np.float64(71.9182849124092)},0.0,-3.5551392426443558,-0.16713274995414973,-0.9211217195114656,0.0,-0.9286787424219943,1.3567013363095355,15,Ridge,71.9182849124092,,,,,,,,,
0.016194725036621095,0.002950965571088936,0.0069080829620361325,0.0012095659450144635,,{'model__alpha': np.float64(10.872298259943877)},0.0,-4.030157776976575,-0.22777743851541854,-0.6667512711809656,0.0,-0.9849372973345917,1.5419535744009283,47,Ridge,10.872298259943877,,,,,,,,,
0.0172274112701416,0.002611384045206198,0.007367134094238281,0.0010697974960196999,,{'model__alpha': np.float64(21.40896854092664)},0.0,-3.8672711504663146,-0.20795083215292776,-0.7049473913994337,0.0,-0.9560338748037351,1.478240621522883,44,Ridge,21.40896854092664,,,,,,,,,
0.015975284576416015,0.0006995491270146533,0.006377696990966797,0.00036033962832986236,,{'model__alpha': np.float64(30.43483208600833)},0.0,-3.767832722673516,-0.19557264090277848,-0.7418089095265894,0.0,-0.9410428546205768,1.4392556597776376,40,Ridge,30.43483208600833,,,,,,,,,
0.01832923889160156,0.002019183702925221,0.007521677017211914,0.001128774037338269,,{'model__alpha': np.float64(52.97793709401013)},0.0,-3.6179383635185465,-0.17613082287677084,-0.8396585074756455,0.0,-0.9267455387741925,1.3806694035846083,4,Ridge,52.97793709401013,,,,,,,,,
0.022523164749145508,0.0024143600624719017,0.00997176170349121,0.0012220942274713466,,{'model__alpha': np.float64(60.29186751947844)},0.0,-3.5888302181890372,-0.1720976000996266,-0.8714731264497253,0.0,-0.9264801889476779,1.369449351126814,1,Ridge,60.29186751947844,,,,,,,,,
0.02199387550354004,0.0033458049261457057,0.009322929382324218,0.0013782101799456091,,{'model__alpha': np.float64(75.18355401205771)},0.0,-3.5478991981730905,-0.1659907586039091,-0.9347969678414463,0.0,-0.9297373849236893,1.3540257751461764,18,Ridge,75.18355401205771,,,,,,,,,
0.027298116683959962,0.0007721740903087588,0.010337066650390626,0.000590347538403765,,{'model__alpha': np.float64(70.65692020912692)},0.0,-3.558170830240183,-0.16760037526138372,-0.915804733339221,0.0,-0.9283151877681576,1.3578308004579394,12,Ridge,70.65692020912692,,,,,,,,,
0.024682903289794923,0.0018696860590779166,0.009464120864868164,0.0009699182355237796,,{'model__alpha': np.float64(53.35066761107073)},0.0,-3.616277454472578,-0.17590471856792056,-0.8412869272364043,0.0,-0.9266938200553806,1.3800262034494728,3,Ridge,53.35066761107073,,,,,,,,,
0.022004175186157226,0.0021188977877377394,0.008939552307128906,0.001343545666242283,,{'model__alpha': np.float64(2.4297111864045013)},0.0,-4.214012346662668,-0.2496176938710808,-0.6429120615380202,0.0,-1.0213084204143539,1.613579283564565,50,Ridge,2.4297111864045013,,,,,,,,,
0.025675630569458006,0.0014477246246067455,0.010605192184448243,0.0008913971261285351,,{'model__alpha': np.float64(88.07922040776846)},0.0,-3.5265914004119665,-0.1622918331800789,-0.9874415132391792,0.0,-0.9352649493662449,1.3464489339800039,29,Ridge,88.07922040776846,,,,,,,,,
0.02614874839782715,0.0021670382349027557,0.010675668716430664,0.0008548278234571063,,{'model__alpha': np.float64(49.04559492506721)},0.0,-3.636765766470063,-0.17866792487143224,-0.8224518222219319,0.0,-0.9275771027126855,1.3879782462299852,11,Ridge,49.04559492506721,,,,,,,,,
0.026059293746948244,0.0006333975458872667,0.010408687591552734,0.0006620070658547486,,{'model__alpha': np.float64(34.9165542802377)},0.0,-3.7285706868898547,-0.19060247229068228,-0.7608938195252382,0.0,-0.936013395741155,1.4238625417599038,30,Ridge,34.9165542802377,,,,,,,,,
0.026621198654174803,0.004302118700357038,0.009705924987792968,0.0018054977774034006,,{'model__alpha': np.float64(26.26232046277794)},0.0,-3.81005647324592,-0.2008604914181673,-0.7244443866533681,0.0,-0.9470722702634911,1.4558135533219387,42,Ridge,26.26232046277794,,,,,,,,,
0.027479791641235353,0.0014713214721282825,0.010095596313476562,0.0004972022229180776,,{'model__alpha': np.float64(75.44877202049526)},0.0,-3.5473478885578613,-0.16590213242149177,-0.9359019380808213,0.0,-0.9298303918120349,1.3538234899731014,19,Ridge,75.44877202049526,,,,,,,,,
0.02290635108947754,0.0035449754116097967,0.007587242126464844,0.0014790887316219194,,{'model__alpha': np.float64(66.9032805643342)},0.0,-3.568031484309592,-0.16908711658807296,-0.8998757003690865,0.0,-0.9273988602533503,1.3615338535739216,10,Ridge,66.9032805643342,,,,,,,,,
0.01941852569580078,0.005209931803553587,0.007904052734375,0.002125959018204606,,{'model__alpha': np.float64(8.163089069906931)},0.0,-4.7999626753239175,-0.012794342592588714,-4.656218815608644,0.0,-1.89379516670503,2.314643746728918,3,Lasso,8.163089069906931,,,,,,,,,
0.020023393630981445,0.006729360166367587,0.009733200073242188,0.004536697875031724,,{'model__alpha': np.float64(6.240312234827206)},0.0,-4.7999626753239175,-0.012794342592588714,-4.656218815608644,0.0,-1.89379516670503,2.314643746728918,3,Lasso,6.240312234827206,,,,,,,,,
0.019086456298828124,0.0027066718687131135,0.006438350677490235,0.00046748193309978977,,{'model__alpha': np.float64(2.1340441464501096)},0.0,-4.7999626753239175,-0.012794342592588714,-4.656218815608644,0.0,-1.89379516670503,2.314643746728918,3,Lasso,2.1340441464501096,,,,,,,,,
0.0168363094329834,0.0011549551802378794,0.006298589706420899,0.0001907330989756047,,{'model__alpha': np.float64(5.9828941152586745)},0.0,-4.7999626753239175,-0.012794342592588714,-4.656218815608644,0.0,-1.89379516670503,2.314643746728918,3,Lasso,5.9828941152586745,,,,,,,,,
0.01952395439147949,0.001861399591021946,0.0075051307678222655,0.0010734944024838602,,{'model__alpha': np.float64(3.8268708877071362)},0.0,-4.7999626753239175,-0.012794342592588714,-4.656218815608644,0.0,-1.89379516670503,2.314643746728918,3,Lasso,3.8268708877071362,,,,,,,,,
0.017913627624511718,0.0014927471234070496,0.006854629516601563,0.0006014517896847498,,{'model__alpha': np.float64(5.325421575668598)},0.0,-4.7999626753239175,-0.012794342592588714,-4.656218815608644,0.0,-1.89379516670503,2.314643746728918,3,Lasso,5.325421575668598,,,,,,,,,
0.018379831314086915,0.004223997751365704,0.00664815902709961,0.0004866475289263633,,{'model__alpha': np.float64(3.7580445562447458)},0.0,-4.7999626753239175,-0.012794342592588714,-4.656218815608644,0.0,-1.89379516670503,2.314643746728918,3,Lasso,3.7580445562447458,,,,,,,,,
0.017859745025634765,0.002568293938238316,0.0079681396484375,0.001265750538422601,,{'model__alpha': np.float64(4.890505658096641)},0.0,-4.7999626753239175,-0.012794342592588714,-4.656218815608644,0.0,-1.89379516670503,2.314643746728918,3,Lasso,4.890505658096641,,,,,,,,,
0.017768383026123047,0.0016511166727262963,0.007043600082397461,0.0009981911627129818,,{'model__alpha': np.float64(1.7708336940907625)},0.0,-4.7999626753239175,-0.012794342592588714,-4.656218815608644,0.0,-1.89379516670503,2.314643746728918,3,Lasso,1.7708336940907625,,,,,,,,,
0.016013908386230468,0.0016644393134596892,0.0065746307373046875,0.0006915949222708286,,{'model__alpha': np.float64(6.018046012968044)},0.0,-4.7999626753239175,-0.012794342592588714,-4.656218815608644,0.0,-1.89379516670503,2.314643746728918,3,Lasso,6.018046012968044,,,,,,,,,
0.019097089767456055,0.002632121750338832,0.007983112335205078,0.0006360002571260546,,{'model__alpha': np.float64(1.7409218216574744)},0.0,-4.7999626753239175,-0.012794342592588714,-4.656218815608644,0.0,-1.89379516670503,2.314643746728918,3,Lasso,1.7409218216574744,,,,,,,,,
0.022001981735229492,0.002076502143733069,0.009624910354614259,0.0015046541136517434,,{'model__alpha': np.float64(4.515043710572706)},0.0,-4.7999626753239175,-0.012794342592588714,-4.656218815608644,0.0,-1.89379516670503,2.314643746728918,3,Lasso,4.515043710572706,,,,,,,,,
0.02352170944213867,0.0016440992312837005,0.010190820693969727,0.001972216791901773,,{'model__alpha': np.float64(0.008704185932867824)},0.0,-4.486320815675903,-0.20725144719118083,-0.5891814760345029,0.0,-1.0565507477803173,1.7283324345771096,2,Lasso,0.008704185932867824,,,,,,,,,
0.023274612426757813,0.0036940738814996003,0.008929109573364258,0.0019491078440530773,,{'model__alpha': np.float64(9.88387913173956)},0.0,-4.7999626753239175,-0.012794342592588714,-4.656218815608644,0.0,-1.89379516670503,2.314643746728918,3,Lasso,9.88387913173956,,,,,,,,,
0.01881065368652344,0.0017763959655092286,0.00712890625,0.0007038431658057359,,{'model__alpha': np.float64(3.2780636350091625)},0.0,-4.7999626753239175,-0.012794342592588714,-4.656218815608644,0.0,-1.89379516670503,2.314643746728918,3,Lasso,3.2780636350091625,,,,,,,,,
0.019356966018676758,0.0031345519340785838,0.007566499710083008,0.0009930160826958868,,{'model__alpha': np.float64(5.363466981311923)},0.0,-4.7999626753239175,-0.012794342592588714,-4.656218815608644,0.0,-1.89379516670503,2.314643746728918,3,Lasso,5.363466981311923,,,,,,,,,
0.01702713966369629,0.0021796729829560183,0.007021427154541016,0.0011214566354222433,,{'model__alpha': np.float64(5.6976181307593325)},0.0,-4.7999626753239175,-0.012794342592588714,-4.656218815608644,0.0,-1.89379516670503,2.314643746728918,3,Lasso,5.6976181307593325,,,,,,,,,
0.02049703598022461,0.004031492047127266,0.008819055557250977,0.0010705912726912234,,{'model__alpha': np.float64(7.127793648171047)},0.0,-4.7999626753239175,-0.012794342592588714,-4.656218815608644,0.0,-1.89379516670503,2.314643746728918,3,Lasso,7.127793648171047,,,,,,,,,
0.025448131561279296,0.0008776265477959649,0.009724855422973633,0.00018839123446174472,,{'model__alpha': np.float64(3.2969313484146863)},0.0,-4.7999626753239175,-0.012794342592588714,-4.656218815608644,0.0,-1.89379516670503,2.314643746728918,3,Lasso,3.2969313484146863,,,,,,,,,
0.02192864418029785,0.001684683971861786,0.008985042572021484,0.0004894294082649645,,{'model__alpha': np.float64(5.583521868259424)},0.0,-4.7999626753239175,-0.012794342592588714,-4.656218815608644,0.0,-1.89379516670503,2.314643746728918,3,Lasso,5.583521868259424,,,,,,,,,
0.020552682876586913,0.003518898355527624,0.0073356151580810545,0.0010713253934041278,,{'model__alpha': np.float64(9.59974044293185)},0.0,-4.7999626753239175,-0.012794342592588714,-4.656218815608644,0.0,-1.89379516670503,2.314643746728918,3,Lasso,9.59974044293185,,,,,,,,,
0.02029409408569336,0.0020962289644291593,0.008331966400146485,0.0010531170689178733,,{'model__alpha': np.float64(3.8380241066404372)},0.0,-4.7999626753239175,-0.012794342592588714,-4.656218815608644,0.0,-1.89379516670503,2.314643746728918,3,Lasso,3.8380241066404372,,,,,,,,,
0.016799449920654297,0.0034198940098980135,0.007809591293334961,0.0014487609544698418,,{'model__alpha': np.float64(5.065476149484245)},0.0,-4.7999626753239175,-0.012794342592588714,-4.656218815608644,0.0,-1.89379516670503,2.314643746728918,3,Lasso,5.065476149484245,,,,,,,,,
0.020946455001831055,0.0035163489931823435,0.008437538146972656,0.001428253430955517,,{'model__alpha': np.float64(1.2326378371769646)},0.0,-4.7999626753239175,-0.012794342592588714,-4.656218815608644,0.0,-1.89379516670503,2.314643746728918,3,Lasso,1.2326378371769646,,,,,,,,,
0.019906949996948243,0.0026314960748425693,0.007982301712036132,0.0012447450867919029,,{'model__alpha': np.float64(2.5678178085212164)},0.0,-4.7999626753239175,-0.012794342592588714,-4.656218815608644,0.0,-1.89379516670503,2.314643746728918,3,Lasso,2.5678178085212164,,,,,,,,,
0.02144756317138672,0.0027561183066516204,0.008038663864135742,0.0015645082721303441,,{'model__alpha': np.float64(4.901099091802859)},0.0,-4.7999626753239175,-0.012794342592588714,-4.656218815608644,0.0,-1.89379516670503,2.314643746728918,3,Lasso,4.901099091802859,,,,,,,,,
0.021063804626464844,0.0011285527361665647,0.008549070358276368,0.0006257563949713412,,{'model__alpha': np.float64(9.488043233433979)},0.0,-4.7999626753239175,-0.012794342592588714,-4.656218815608644,0.0,-1.89379516670503,2.314643746728918,3,Lasso,9.488043233433979,,,,,,,,,
0.018479633331298827,0.002063850344923337,0.0070531368255615234,0.0009997657764215725,,{'model__alpha': np.float64(7.3682939489596215)},0.0,-4.7999626753239175,-0.012794342592588714,-4.656218815608644,0.0,-1.89379516670503,2.314643746728918,3,Lasso,7.3682939489596215,,,,,,,,,
0.017760467529296876,0.004262136229180674,0.007069778442382812,0.0013706383599825429,,{'model__alpha': np.float64(2.9081425825142544)},0.0,-4.7999626753239175,-0.012794342592588714,-4.656218815608644,0.0,-1.89379516670503,2.314643746728918,3,Lasso,2.9081425825142544,,,,,,,,,
0.019988298416137695,0.005998362976122497,0.008012533187866211,0.0017761351162624917,,{'model__alpha': np.float64(4.329369686562478)},0.0,-4.7999626753239175,-0.012794342592588714,-4.656218815608644,0.0,-1.89379516670503,2.314643746728918,3,Lasso,4.329369686562478,,,,,,,,,
0.02339334487915039,0.0034917064890306465,0.009773159027099609,0.001726275543563707,,{'model__alpha': np.float64(7.5492569889200025)},0.0,-4.7999626753239175,-0.012794342592588714,-4.656218815608644,0.0,-1.89379516670503,2.314643746728918,3,Lasso,7.5492569889200025,,,,,,,,,
0.022995424270629884,0.0015960588723249057,0.009654712677001954,0.0023667599021024778,,{'model__alpha': np.float64(0.6016026411159718)},0.0,-4.7999626753239175,-0.012794342592588714,-4.656218815608644,0.0,-1.89379516670503,2.314643746728918,3,Lasso,0.6016026411159718,,,,,,,,,
0.025945138931274415,0.004122803282327731,0.010706806182861328,0.0032963157008595832,,{'model__alpha': np.float64(2.0095919017991846)},0.0,-4.7999626753239175,-0.012794342592588714,-4.656218815608644,0.0,-1.89379516670503,2.314643746728918,3,Lasso,2.0095919017991846,,,,,,,,,
0.022478866577148437,0.003521216976747016,0.008854436874389648,0.001141606210285723,,{'model__alpha': np.float64(3.623535168645335)},0.0,-4.7999626753239175,-0.012794342592588714,-4.656218815608644,0.0,-1.89379516670503,2.314643746728918,3,Lasso,3.623535168645335,,,,,,,,,
0.02211170196533203,0.0026382270215182186,0.008549070358276368,0.001028650504887845,,{'model__alpha': np.float64(1.5390192326822676)},0.0,-4.7999626753239175,-0.012794342592588714,-4.656218815608644,0.0,-1.89379516670503,2.314643746728918,3,Lasso,1.5390192326822676,,,,,,,,,
0.021537208557128908,0.002139827532122728,0.009270477294921874,0.0010829335038223264,,{'model__alpha': np.float64(9.531857932451757)},0.0,-4.7999626753239175,-0.012794342592588714,-4.656218815608644,0.0,-1.89379516670503,2.314643746728918,3,Lasso,9.531857932451757,,,,,,,,,
0.01989583969116211,0.0006565977267938541,0.008437633514404297,0.0005620790690440518,,{'model__alpha': np.float64(9.72904091117779)},0.0,-4.7999626753239175,-0.012794342592588714,-4.656218815608644,0.0,-1.89379516670503,2.314643746728918,3,Lasso,9.72904091117779,,,,,,,,,
0.024872303009033203,0.0017517712449409294,0.010222339630126953,0.0005162292369551213,,{'model__alpha': np.float64(0.020874558905144457)},0.0,-4.465769528228751,-0.16132833531218926,-0.6381156626707376,0.0,-1.0530427052423357,1.7223136308266433,1,Lasso,0.020874558905144457,,,,,,,,,
0.021440505981445312,0.0022824003518051245,0.007972621917724609,0.0006019520139684928,,{'model__alpha': np.float64(7.754025280234659)},0.0,-4.7999626753239175,-0.012794342592588714,-4.656218815608644,0.0,-1.89379516670503,2.314643746728918,3,Lasso,7.754025280234659,,,,,,,,,
0.02200450897216797,0.0038075120180430986,0.008271408081054688,0.0007039554153182386,,{'model__alpha': np.float64(0.8284119425552188)},0.0,-4.7999626753239175,-0.012794342592588714,-4.656218815608644,0.0,-1.89379516670503,2.314643746728918,3,Lasso,0.8284119425552188,,,,,,,,,
0.02037224769592285,0.0031781391857202707,0.0075528621673583984,0.0014141138670049058,,{'model__alpha': np.float64(8.698858255769315)},0.0,-4.7999626753239175,-0.012794342592588714,-4.656218815608644,0.0,-1.89379516670503,2.314643746728918,3,Lasso,8.698858255769315,,,,,,,,,
0.01820845603942871,0.006814472489636323,0.006042861938476562,0.0007798944918641351,,{'model__alpha': np.float64(7.8633930459657)},0.0,-4.7999626753239175,-0.012794342592588714,-4.656218815608644,0.0,-1.89379516670503,2.314643746728918,3,Lasso,7.8633930459657,,,,,,,,,
0.01681971549987793,0.001375616219444519,0.007512331008911133,0.0009951767647997799,,{'model__alpha': np.float64(3.270852786222995)},0.0,-4.7999626753239175,-0.012794342592588714,-4.656218815608644,0.0,-1.89379516670503,2.314643746728918,3,Lasso,3.270852786222995,,,,,,,,,
0.023816871643066406,0.0020689312844835404,0.010010147094726562,0.0008837247714273417,,{'model__alpha': np.float64(5.874763715413527)},0.0,-4.7999626753239175,-0.012794342592588714,-4.656218815608644,0.0,-1.89379516670503,2.314643746728918,3,Lasso,5.874763715413527,,,,,,,,,
0.025590276718139647,0.0031908585892363463,0.010026216506958008,0.00023329976133657643,,{'model__alpha': np.float64(2.564873506971351)},0.0,-4.7999626753239175,-0.012794342592588714,-4.656218815608644,0.0,-1.89379516670503,2.314643746728918,3,Lasso,2.564873506971351,,,,,,,,,
0.026364564895629883,0.0014398307588734797,0.010403108596801759,0.0003780631126732337,,{'model__alpha': np.float64(8.534506490139549)},0.0,-4.7999626753239175,-0.012794342592588714,-4.656218815608644,0.0,-1.89379516670503,2.314643746728918,3,Lasso,8.534506490139549,,,,,,,,,
0.025877618789672853,0.002489370743126525,0.010591888427734375,0.00031728318116671327,,{'model__alpha': np.float64(8.353228035334997)},0.0,-4.7999626753239175,-0.012794342592588714,-4.656218815608644,0.0,-1.89379516670503,2.314643746728918,3,Lasso,8.353228035334997,,,,,,,,,
0.026925039291381837,0.0029798523828660443,0.009855508804321289,0.0014961776433300824,,{'model__alpha': np.float64(8.16064417338282)},0.0,-4.7999626753239175,-0.012794342592588714,-4.656218815608644,0.0,-1.89379516670503,2.314643746728918,3,Lasso,8.16064417338282,,,,,,,,,
0.028397369384765624,0.0035690629242554435,0.009797143936157226,0.00112443618668203,,{'model__alpha': np.float64(5.24328421351822)},0.0,-4.7999626753239175,-0.012794342592588714,-4.656218815608644,0.0,-1.89379516670503,2.314643746728918,3,Lasso,5.24328421351822,,,,,,,,,
0.021190738677978514,0.0035308724624875374,0.007454061508178711,0.0018933501199488612,,{'model__alpha': np.float64(4.20638822437175)},0.0,-4.7999626753239175,-0.012794342592588714,-4.656218815608644,0.0,-1.89379516670503,2.314643746728918,3,Lasso,4.20638822437175,,,,,,,,,
0.08188796043395996,0.008410022719195429,0.011517620086669922,0.0007666493102180187,,"{'model__subsample': 0.6, 'model__reg_lambda': 1, 'model__reg_alpha': 0.1, 'model__n_estimators': 100, 'model__min_child_weight': 3, 'model__max_depth': 7, 'model__learning_rate': 0.01, 'model__gamma': 5, 'model__colsample_bytree': 0.6}",0.0,-3.3011583620911686,0.10256974176028955,-1.1732942612896782,0.0,-0.8743765763241115,1.3009315524640903,33,XGBRegressor,,0.6,1.0,0.1,100.0,3.0,7.0,0.01,5.0,0.6
0.10735640525817872,0.01158345204171289,0.011100339889526366,0.0014690270317456557,,"{'model__subsample': 0.8, 'model__reg_lambda': 1, 'model__reg_alpha': 0.1, 'model__n_estimators': 300, 'model__min_child_weight': 7, 'model__max_depth': 3, 'model__learning_rate': 0.05, 'model__gamma': 5, 'model__colsample_bytree': 0.6}",0.0,-3.661861127775773,0.06307690866486748,-0.39059707627664064,0.0,-0.7978762590775093,1.4410231828475368,32,XGBRegressor,,0.8,1.0,0.1,300.0,7.0,3.0,0.05,5.0,0.6
0.15657615661621094,0.006425282643902181,0.012678146362304688,0.0015087700135478516,,"{'model__subsample': 0.6, 'model__reg_lambda': 1, 'model__reg_alpha': 1, 'model__n_estimators': 500, 'model__min_child_weight': 5, 'model__max_depth': 7, 'model__learning_rate': 0.05, 'model__gamma': 1, 'model__colsample_bytree': 0.6}",0.0,-2.415770208024148,0.14465658585295205,-0.42818625193374116,0.0,-0.5398599748209875,0.957389234333053,23,XGBRegressor,,0.6,1.0,1.0,500.0,5.0,7.0,0.05,1.0,0.6
0.7711280822753906,0.1484304176045733,0.01979851722717285,0.003018610830143428,,"{'model__subsample': 0.8, 'model__reg_lambda': 10, 'model__reg_alpha': 10, 'model__n_estimators': 500, 'model__min_child_weight': 3, 'model__max_depth': 7, 'model__learning_rate': 0.01, 'model__gamma': 0, 'model__colsample_bytree': 0.6}",0.0,-1.7014307977229524,0.15659121060079395,-0.24799111881908842,0.0,-0.35856614118824937,0.6838185100825467,6,XGBRegressor,,0.8,10.0,10.0,500.0,3.0,7.0,0.01,0.0,0.6
0.06574530601501465,0.005463012856262886,0.014204263687133789,0.0043648929029104595,,"{'model__subsample': 0.6, 'model__reg_lambda': 0.1, 'model__reg_alpha': 0, 'model__n_estimators': 100, 'model__min_child_weight': 3, 'model__max_depth': 5, 'model__learning_rate': 0.05, 'model__gamma': 5, 'model__colsample_bytree': 0.8}",0.0,-4.327991088169909,-0.03511887206764208,-0.5629703910368573,0.0,-0.9852160702548816,1.6850176456165253,43,XGBRegressor,,0.6,0.1,0.0,100.0,3.0,5.0,0.05,5.0,0.8
0.17438750267028807,0.022328546120803785,0.014875555038452148,0.0011897019403299455,,"{'model__subsample': 0.6, 'model__reg_lambda': 1, 'model__reg_alpha': 0, 'model__n_estimators': 300, 'model__min_child_weight': 3, 'model__max_depth': 5, 'model__learning_rate': 0.01, 'model__gamma': 5, 'model__colsample_bytree': 0.8}",0.0,-4.061540286558993,0.00812620644783646,-0.5423250523438714,0.0,-0.9191478264910057,1.5853156381148221,38,XGBRegressor,,0.6,1.0,0.0,300.0,3.0,5.0,0.01,5.0,0.8
0.8519482135772705,0.13592218474832526,0.01737799644470215,0.0007865285265033523,,"{'model__subsample': 0.6, 'model__reg_lambda': 1, 'model__reg_alpha': 0, 'model__n_estimators': 500, 'model__min_child_weight': 5, 'model__max_depth': 5, 'model__learning_rate': 0.01, 'model__gamma': 0, 'model__colsample_bytree': 0.6}",0.0,-0.5467459566802804,0.0988042102178941,-0.6730097610429919,0.0,-0.22419030150107563,0.3194774155167923,4,XGBRegressor,,0.6,1.0,0.0,500.0,5.0,5.0,0.01,0.0,0.6
0.06680045127868653,0.004996618914908404,0.013214397430419921,0.0008821058958834387,,"{'model__subsample': 0.6, 'model__reg_lambda': 10, 'model__reg_alpha': 1, 'model__n_estimators': 100, 'model__min_child_weight': 3, 'model__max_depth': 5, 'model__learning_rate': 0.1, 'model__gamma': 5, 'model__colsample_bytree': 0.6}",0.0,-4.044312501155632,-0.03279977085820218,-0.6092126666957047,0.0,-0.9372649877419079,1.5707546733338325,40,XGBRegressor,,0.6,10.0,1.0,100.0,3.0,5.0,0.1,5.0,0.6
0.2196821689605713,0.03281926292030141,0.01403059959411621,0.0011533015556464599,,"{'model__subsample': 0.6, 'model__reg_lambda': 0.1, 'model__reg_alpha': 0, 'model__n_estimators': 500, 'model__min_child_weight': 5, 'model__max_depth': 5, 'model__learning_rate': 0.01, 'model__gamma': 5, 'model__colsample_bytree': 0.8}",0.0,-4.069812337533023,0.008058782723248337,-0.5186807664080157,0.0,-0.9160868642435581,1.5897415783679194,37,XGBRegressor,,0.6,0.1,0.0,500.0,5.0,5.0,0.01,5.0,0.8
0.1298159122467041,0.017901611563098985,0.013775825500488281,0.0014483474010034358,,"{'model__subsample': 0.8, 'model__reg_lambda': 0.1, 'model__reg_alpha': 0, 'model__n_estimators': 100, 'model__min_child_weight': 3, 'model__max_depth': 3, 'model__learning_rate': 0.05, 'model__gamma': 0, 'model__colsample_bytree': 0.8}",0.0,-1.435486192905063,0.13352743123107125,-1.1099156710833955,0.0,-0.4823748865514775,0.6552763273537341,17,XGBRegressor,,0.8,0.1,0.0,100.0,3.0,3.0,0.05,0.0,0.8
0.13746328353881837,0.017186354009054022,0.014948511123657226,0.002777654825177085,,"{'model__subsample': 0.6, 'model__reg_lambda': 10, 'model__reg_alpha': 0, 'model__n_estimators': 300, 'model__min_child_weight': 3, 'model__max_depth': 3, 'model__learning_rate': 0.05, 'model__gamma': 5, 'model__colsample_bytree': 0.8}",0.0,-4.339032186891671,-0.051641385421156816,-0.5735768067194691,0.0,-0.9928500758064593,1.6870151830752544,45,XGBRegressor,,0.6,10.0,0.0,300.0,3.0,3.0,0.05,5.0,0.8
0.43541641235351564,0.05013864637534202,0.01604146957397461,0.0010047199194795655,,"{'model__subsample': 0.8, 'model__reg_lambda': 1, 'model__reg_alpha': 0.1, 'model__n_estimators': 500, 'model__min_child_weight': 7, 'model__max_depth': 3, 'model__learning_rate': 0.05, 'model__gamma': 0, 'model__colsample_bytree': 0.8}",0.0,-0.6545127218939606,0.02820173281423699,-1.1796416754166206,0.0,-0.36119053289926883,0.4834136361242221,8,XGBRegressor,,0.8,1.0,0.1,500.0,7.0,3.0,0.05,0.0,0.8
0.1814115524291992,0.03563197239716429,0.01321873664855957,0.0009026040554267794,,"{'model__subsample': 0.6, 'model__reg_lambda': 1, 'model__reg_alpha': 10, 'model__n_estimators': 500, 'model__min_child_weight': 5, 'model__max_depth': 5, 'model__learning_rate': 0.1, 'model__gamma': 5, 'model__colsample_bytree': 0.8}",0.0,-4.350440456392901,-0.1062500980002159,-0.9761187725202873,0.0,-1.086561865382681,1.6725636412102345,49,XGBRegressor,,0.6,1.0,10.0,500.0,5.0,5.0,0.1,5.0,0.8
0.20801372528076173,0.034095209398115646,0.013033628463745117,0.0017922925337558796,,"{'model__subsample': 0.8, 'model__reg_lambda': 10, 'model__reg_alpha': 10, 'model__n_estimators': 300, 'model__min_child_weight': 5, 'model__max_depth': 7, 'model__learning_rate': 0.01, 'model__gamma': 1, 'model__colsample_bytree': 0.6}",0.0,-2.694167624201254,0.12868557266009506,-0.19246144823958788,0.0,-0.5515886999561495,1.0761867963664105,25,XGBRegressor,,0.8,10.0,10.0,300.0,5.0,7.0,0.01,1.0,0.6
0.11836605072021485,0.007035314093455492,0.01167607307434082,0.0006713330554919396,,"{'model__subsample': 0.8, 'model__reg_lambda': 0.1, 'model__reg_alpha': 0, 'model__n_estimators': 300, 'model__min_child_weight': 5, 'model__max_depth': 7, 'model__learning_rate': 0.1, 'model__gamma': 1, 'model__colsample_bytree': 0.6}",0.0,-1.9894545585305399,0.16676466549042135,-0.4651637046916355,0.0,-0.4575707195463508,0.7943881103523263,13,XGBRegressor,,0.8,0.1,0.0,300.0,5.0,7.0,0.1,1.0,0.6
0.33599014282226564,0.07245173760007846,0.012746334075927734,0.00041944443352816074,,"{'model__subsample': 0.6, 'model__reg_lambda': 0.1, 'model__reg_alpha': 1, 'model__n_estimators': 500, 'model__min_child_weight': 3, 'model__max_depth': 7, 'model__learning_rate': 0.01, 'model__gamma': 1, 'model__colsample_bytree': 0.8}",0.0,-2.6126891561058367,0.15467899868596413,-0.3190957404418886,0.0,-0.5554211795723523,1.0401373829497682,26,XGBRegressor,,0.6,0.1,1.0,500.0,3.0,7.0,0.01,1.0,0.8
0.11685075759887695,0.02058606861192118,0.012281322479248047,0.00172456543814927,,"{'model__subsample': 0.8, 'model__reg_lambda': 0.1, 'model__reg_alpha': 0.1, 'model__n_estimators': 100, 'model__min_child_weight': 7, 'model__max_depth': 3, 'model__learning_rate': 0.01, 'model__gamma': 0, 'model__colsample_bytree': 0.8}",0.0,-2.58668632908391,0.1416769323355056,-0.5492388077014316,0.0,-0.5988496408899673,1.0217218138163313,28,XGBRegressor,,0.8,0.1,0.1,100.0,7.0,3.0,0.01,0.0,0.8
0.08370637893676758,0.00963610018122557,0.012254047393798827,0.0014963429878710422,,"{'model__subsample': 0.6, 'model__reg_lambda': 10, 'model__reg_alpha': 10, 'model__n_estimators': 100, 'model__min_child_weight': 5, 'model__max_depth': 3, 'model__learning_rate': 0.01, 'model__gamma': 5, 'model__colsample_bytree': 0.8}",0.0,-3.9428820098933413,0.023129903317853917,-1.7816177634833128,0.0,-1.14027397401176,1.5633228529311833,50,XGBRegressor,,0.6,10.0,10.0,100.0,5.0,3.0,0.01,5.0,0.8
0.10472307205200196,0.003990062980260811,0.014294147491455078,0.0036115688921286603,,"{'model__subsample': 0.8, 'model__reg_lambda': 0.1, 'model__reg_alpha': 10, 'model__n_estimators': 300, 'model__min_child_weight': 7, 'model__max_depth': 3, 'model__learning_rate': 0.1, 'model__gamma': 5, 'model__colsample_bytree': 0.6}",0.0,-4.218743411261019,-0.03487313358718325,-0.7214341064637542,0.0,-0.9950101302623914,1.63519133307694,46,XGBRegressor,,0.8,0.1,10.0,300.0,7.0,3.0,0.1,5.0,0.6
0.26418485641479494,0.030737884985567725,0.015724372863769532,0.003267225580428052,,"{'model__subsample': 0.6, 'model__reg_lambda': 10, 'model__reg_alpha': 0, 'model__n_estimators': 300, 'model__min_child_weight': 7, 'model__max_depth': 3, 'model__learning_rate': 0.1, 'model__gamma': 0, 'model__colsample_bytree': 0.8}",0.0,-0.5430840974740705,0.041300033635671585,-1.1301937996051228,0.0,-0.32639557268870434,0.45635812801339726,5,XGBRegressor,,0.6,10.0,0.0,300.0,7.0,3.0,0.1,0.0,0.8
0.33313713073730467,0.03146696114384384,0.01618494987487793,0.0011383115685823725,,"{'model__subsample': 0.6, 'model__reg_lambda': 1, 'model__reg_alpha': 10, 'model__n_estimators': 500, 'model__min_child_weight': 5, 'model__max_depth': 7, 'model__learning_rate': 0.05, 'model__gamma': 0, 'model__colsample_bytree': 0.6}",0.0,-1.5744934415846692,0.13668527015104726,-0.419144755145358,0.0,-0.371390585315796,0.6298793459273316,9,XGBRegressor,,0.6,1.0,10.0,500.0,5.0,7.0,0.05,0.0,0.6
0.20206880569458008,0.02894958932145972,0.018221187591552734,0.006383447337143051,,"{'model__subsample': 0.6, 'model__reg_lambda': 1, 'model__reg_alpha': 0, 'model__n_estimators': 100, 'model__min_child_weight': 5, 'model__max_depth': 5, 'model__learning_rate': 0.01, 'model__gamma': 0, 'model__colsample_bytree': 0.6}",0.0,-1.7567000801259929,0.16554961159348747,-0.3051800231087667,0.0,-0.3792660983282544,0.705311679360608,10,XGBRegressor,,0.6,1.0,0.0,100.0,5.0,5.0,0.01,0.0,0.6
0.16251034736633302,0.029486425461815333,0.012798309326171875,0.0013529864444239716,,"{'model__subsample': 0.8, 'model__reg_lambda': 0.1, 'model__reg_alpha': 10, 'model__n_estimators': 100, 'model__min_child_weight': 7, 'model__max_depth': 5, 'model__learning_rate': 0.05, 'model__gamma': 0, 'model__colsample_bytree': 0.8}",0.0,-1.8930929497867863,0.19195148995025224,-0.44170866089705685,0.0,-0.4285700241467182,0.7612347212460079,11,XGBRegressor,,0.8,0.1,10.0,100.0,7.0,5.0,0.05,0.0,0.8
0.06588020324707031,0.007547312150084299,0.013081073760986328,0.004447594115881539,,"{'model__subsample': 0.8, 'model__reg_lambda': 10, 'model__reg_alpha': 0.1, 'model__n_estimators': 100, 'model__min_child_weight': 5, 'model__max_depth': 3, 'model__learning_rate': 0.05, 'model__gamma': 5, 'model__colsample_bytree': 0.8}",0.0,-4.177256883647861,0.03257424988581026,-0.4147025241376061,0.0,-0.9118770315799315,1.6410311230229628,36,XGBRegressor,,0.8,10.0,0.1,100.0,5.0,3.0,0.05,5.0,0.8
0.1562636375427246,0.013812121958820789,0.012557315826416015,0.0012533074552470492,,"{'model__subsample': 0.8, 'model__reg_lambda': 1, 'model__reg_alpha': 10, 'model__n_estimators': 500, 'model__min_child_weight': 7, 'model__max_depth': 3, 'model__learning_rate': 0.1, 'model__gamma': 5, 'model__colsample_bytree': 0.8}",0.0,-4.247125796452104,-0.07771119281765326,-0.7534348749860083,0.0,-1.0156543728511531,1.6403665228091493,48,XGBRegressor,,0.8,1.0,10.0,500.0,7.0,3.0,0.1,5.0,0.8
0.05998196601867676,0.005696859232174125,0.011794376373291015,0.0004613227964262782,,"{'model__subsample': 0.8, 'model__reg_lambda': 10, 'model__reg_alpha': 0, 'model__n_estimators': 100, 'model__min_child_weight': 5, 'model__max_depth': 7, 'model__learning_rate': 0.1, 'model__gamma': 5, 'model__colsample_bytree': 0.8}",0.0,-4.29802306841886,-0.015082180167913073,-0.37418016525975917,0.0,-0.9374570827693063,1.6863636413728458,41,XGBRegressor,,0.8,10.0,0.0,100.0,5.0,7.0,0.1,5.0,0.8
0.1278683662414551,0.005160449509500514,0.012310266494750977,0.0024609244345813555,,"{'model__subsample': 0.6, 'model__reg_lambda': 10, 'model__reg_alpha': 1, 'model__n_estimators': 300, 'model__min_child_weight': 5, 'model__max_depth': 7, 'model__learning_rate': 0.05, 'model__gamma': 5, 'model__colsample_bytree': 0.8}",0.0,-4.31512715569115,-0.0633198765152625,-0.5829948083517849,0.0,-0.9922883681116396,1.6757704911867815,44,XGBRegressor,,0.6,10.0,1.0,300.0,5.0,7.0,0.05,5.0,0.8
0.14815950393676758,0.012761230378614652,0.012525224685668945,0.0008396527694716347,,"{'model__subsample': 0.8, 'model__reg_lambda': 1, 'model__reg_alpha': 0.1, 'model__n_estimators': 300, 'model__min_child_weight': 3, 'model__max_depth': 7, 'model__learning_rate': 0.1, 'model__gamma': 1, 'model__colsample_bytree': 0.8}",0.0,-2.2742343277412944,0.16706455947850962,-0.5264076315114046,0.0,-0.5267154799548379,0.904434779838084,20,XGBRegressor,,0.8,1.0,0.1,300.0,3.0,7.0,0.1,1.0,0.8
0.14652595520019532,0.015496723571406383,0.012096309661865234,0.0012147931143677738,,"{'model__subsample': 0.8, 'model__reg_lambda': 1, 'model__reg_alpha': 0, 'model__n_estimators': 300, 'model__min_child_weight': 7, 'model__max_depth': 5, 'model__learning_rate': 0.01, 'model__gamma': 5, 'model__colsample_bytree': 0.6}",0.0,-3.5459811788474296,0.07217386701358064,-0.4048543503836166,0.0,-0.775732332443493,1.3952989195762555,30,XGBRegressor,,0.8,1.0,0.0,300.0,7.0,5.0,0.01,5.0,0.6
0.23281450271606446,0.02460004055326456,0.012393045425415038,0.0002100499560994288,,"{'model__subsample': 0.6, 'model__reg_lambda': 1, 'model__reg_alpha': 10, 'model__n_estimators': 500, 'model__min_child_weight': 5, 'model__max_depth': 3, 'model__learning_rate': 0.05, 'model__gamma': 0, 'model__colsample_bytree': 0.6}",0.0,-2.058657844104268,0.1434744428535295,-0.5955937766440129,0.0,-0.5021554355789503,0.8188514607929591,19,XGBRegressor,,0.6,1.0,10.0,500.0,5.0,3.0,0.05,0.0,0.6
0.12993907928466797,0.014256839023055882,0.011848068237304688,0.0005977204390693078,,"{'model__subsample': 0.6, 'model__reg_lambda': 0.1, 'model__reg_alpha': 1, 'model__n_estimators': 300, 'model__min_child_weight': 7, 'model__max_depth': 7, 'model__learning_rate': 0.1, 'model__gamma': 5, 'model__colsample_bytree': 0.8}",0.0,-4.349106165556995,-0.06876359900439288,-0.6161263105826451,0.0,-1.0067992150288068,1.687059050864135,47,XGBRegressor,,0.6,0.1,1.0,300.0,7.0,7.0,0.1,5.0,0.8
0.15679578781127929,0.009030666819598025,0.011707687377929687,0.00031137307971358365,,"{'model__subsample': 0.8, 'model__reg_lambda': 1, 'model__reg_alpha': 0, 'model__n_estimators': 500, 'model__min_child_weight': 5, 'model__max_depth': 5, 'model__learning_rate': 0.1, 'model__gamma': 5, 'model__colsample_bytree': 0.8}",0.0,-4.314483404891706,-0.012929178397948382,-0.34523398213389167,0.0,-0.9345293130847093,1.6951339494026485,39,XGBRegressor,,0.8,1.0,0.0,500.0,5.0,5.0,0.1,5.0,0.8
0.17600750923156738,0.005049034392398124,0.013873052597045899,0.0010628519852494734,,"{'model__subsample': 0.6, 'model__reg_lambda': 1, 'model__reg_alpha': 10, 'model__n_estimators': 500, 'model__min_child_weight': 5, 'model__max_depth': 5, 'model__learning_rate': 0.1, 'model__gamma': 1, 'model__colsample_bytree': 0.6}",0.0,-3.2424479989978297,0.0554797638925677,-0.2650927579068736,0.0,-0.690412198602427,1.2808962628414597,29,XGBRegressor,,0.6,1.0,10.0,500.0,5.0,5.0,0.1,1.0,0.6
0.07330513000488281,0.00547077417639599,0.012243366241455078,0.0009780538708346748,,"{'model__subsample': 0.8, 'model__reg_lambda': 1, 'model__reg_alpha': 0.1, 'model__n_estimators': 100, 'model__min_child_weight': 7, 'model__max_depth': 7, 'model__learning_rate': 0.05, 'model__gamma': 5, 'model__colsample_bytree': 0.8}",0.0,-4.033323595318224,0.017760963973011634,-0.3927136198453627,0.0,-0.881655250238115,1.583392482124496,34,XGBRegressor,,0.8,1.0,0.1,100.0,7.0,7.0,0.05,5.0,0.8
0.3364587306976318,0.042769479209673944,0.014298105239868164,0.0009645389807809544,,"{'model__subsample': 0.8, 'model__reg_lambda': 1, 'model__reg_alpha': 0, 'model__n_estimators': 100, 'model__min_child_weight': 7, 'model__max_depth': 7, 'model__learning_rate': 0.05, 'model__gamma': 0, 'model__colsample_bytree': 0.6}",0.0,-0.22021662487224747,0.08963038688337333,-0.4123417303605097,0.0,-0.10858559366987677,0.18308496112815423,1,XGBRegressor,,0.8,1.0,0.0,100.0,7.0,7.0,0.05,0.0,0.6
0.09537663459777831,0.013464389319032273,0.014092111587524414,0.001812275753424102,,"{'model__subsample': 0.6, 'model__reg_lambda': 1, 'model__reg_alpha': 1, 'model__n_estimators': 100, 'model__min_child_weight': 7, 'model__max_depth': 3, 'model__learning_rate': 0.01, 'model__gamma': 5, 'model__colsample_bytree': 0.8}",0.0,-3.6855938459084125,0.07250248572262519,-1.10998499137713,0.0,-0.9446152703125834,1.4394051023931957,42,XGBRegressor,,0.6,1.0,1.0,100.0,7.0,3.0,0.01,5.0,0.8
0.2995466232299805,0.03380886331584081,0.01486973762512207,0.001447754431936738,,"{'model__subsample': 0.6, 'model__reg_lambda': 0.1, 'model__reg_alpha': 0, 'model__n_estimators': 300, 'model__min_child_weight': 5, 'model__max_depth': 3, 'model__learning_rate': 0.1, 'model__gamma': 0, 'model__colsample_bytree': 0.8}",0.0,-0.6118132829531249,0.026915599952915148,-1.2202467579464713,0.0,-0.3610288881893362,0.49240893624332993,7,XGBRegressor,,0.6,0.1,0.0,300.0,5.0,3.0,0.1,0.0,0.8
0.190779447555542,0.015441271910783079,0.013581562042236327,0.0011606775280546067,,"{'model__subsample': 0.8, 'model__reg_lambda': 0.1, 'model__reg_alpha': 1, 'model__n_estimators': 500, 'model__min_child_weight': 3, 'model__max_depth': 7, 'model__learning_rate': 0.05, 'model__gamma': 1, 'model__colsample_bytree': 0.6}",0.0,-2.119609014300206,0.15633592157157916,-0.3615048557420468,0.0,-0.46495558969413475,0.8446242422121569,15,XGBRegressor,,0.8,0.1,1.0,500.0,3.0,7.0,0.05,1.0,0.6
0.16230401992797852,0.031228434165654507,0.01247091293334961,0.0008415782124979222,,"{'model__subsample': 0.6, 'model__reg_lambda': 0.1, 'model__reg_alpha': 0, 'model__n_estimators': 100, 'model__min_child_weight': 7, 'model__max_depth': 7, 'model__learning_rate': 0.01, 'model__gamma': 1, 'model__colsample_bytree': 0.8}",0.0,-2.257242745259501,0.15038551078146767,-0.3442302074079713,0.0,-0.4902174883772009,0.8982971801155263,18,XGBRegressor,,0.6,0.1,0.0,100.0,7.0,7.0,0.01,1.0,0.8
0.06709342002868653,0.0071251729075999,0.01063380241394043,0.0007374119240247704,,"{'model__subsample': 0.8, 'model__reg_lambda': 10, 'model__reg_alpha': 0, 'model__n_estimators': 100, 'model__min_child_weight': 3, 'model__max_depth': 7, 'model__learning_rate': 0.05, 'model__gamma': 5, 'model__colsample_bytree': 0.8}",0.0,-4.176916940410996,0.03495814245828144,-0.37463179096894694,0.0,-0.9033181177843324,1.643671990881024,35,XGBRegressor,,0.8,10.0,0.0,100.0,3.0,7.0,0.05,5.0,0.8
0.2633751392364502,0.046072428429247705,0.013383960723876953,0.0005822503997167647,,"{'model__subsample': 0.8, 'model__reg_lambda': 0.1, 'model__reg_alpha': 0, 'model__n_estimators': 300, 'model__min_child_weight': 5, 'model__max_depth': 7, 'model__learning_rate': 0.01, 'model__gamma': 1, 'model__colsample_bytree': 0.6}",0.0,-1.8467395028029219,0.16828391900318163,-0.49432574824279185,0.0,-0.43455626640850636,0.7401254583662346,12,XGBRegressor,,0.8,0.1,0.0,300.0,5.0,7.0,0.01,1.0,0.6
1.0511674404144287,0.10871970284121556,0.020550107955932616,0.004323551999513267,,"{'model__subsample': 0.6, 'model__reg_lambda': 0.1, 'model__reg_alpha': 1, 'model__n_estimators': 500, 'model__min_child_weight': 5, 'model__max_depth': 7, 'model__learning_rate': 0.05, 'model__gamma': 0, 'model__colsample_bytree': 0.6}",0.0,-0.2620350328518286,0.08414099726646196,-0.5267760261765229,0.0,-0.1409340123523779,0.22535441794128702,2,XGBRegressor,,0.6,0.1,1.0,500.0,5.0,7.0,0.05,0.0,0.6
0.08621358871459961,0.03133449125615552,0.013873815536499023,0.0014065173923433713,,"{'model__subsample': 0.8, 'model__reg_lambda': 0.1, 'model__reg_alpha': 0, 'model__n_estimators': 100, 'model__min_child_weight': 3, 'model__max_depth': 3, 'model__learning_rate': 0.05, 'model__gamma': 5, 'model__colsample_bytree': 0.6}",0.0,-3.6262767128994726,0.06824880684763124,-0.4268493587498745,0.0,-0.7969754529603432,1.4255449280967323,31,XGBRegressor,,0.8,0.1,0.0,100.0,3.0,3.0,0.05,5.0,0.6
0.2822705268859863,0.03210185475621598,0.014818716049194335,0.0009775036299296026,,"{'model__subsample': 0.8, 'model__reg_lambda': 0.1, 'model__reg_alpha': 0.1, 'model__n_estimators': 300, 'model__min_child_weight': 3, 'model__max_depth': 3, 'model__learning_rate': 0.01, 'model__gamma': 0, 'model__colsample_bytree': 0.8}",0.0,-2.017172482375571,0.16188993820603992,-0.5140213939663558,0.0,-0.4738607876271773,0.8045732954737498,16,XGBRegressor,,0.8,0.1,0.1,300.0,3.0,3.0,0.01,0.0,0.8
0.1875023365020752,0.021236375125383792,0.014189386367797851,0.0013430524886269273,,"{'model__subsample': 0.6, 'model__reg_lambda': 1, 'model__reg_alpha': 1, 'model__n_estimators': 500, 'model__min_child_weight': 3, 'model__max_depth': 3, 'model__learning_rate': 0.05, 'model__gamma': 1, 'model__colsample_bytree': 0.6}",0.0,-2.4742395160308917,0.11228489063174374,-0.4931648181118091,0.0,-0.5710238887021915,0.9744064049290064,27,XGBRegressor,,0.6,1.0,1.0,500.0,3.0,3.0,0.05,1.0,0.6
0.8476161003112793,0.2017482254127233,0.014251279830932616,0.0042736667087500966,,"{'model__subsample': 0.8, 'model__reg_lambda': 10, 'model__reg_alpha': 0.1, 'model__n_estimators': 300, 'model__min_child_weight': 7, 'model__max_depth': 7, 'model__learning_rate': 0.01, 'model__gamma': 0, 'model__colsample_bytree': 0.8}",0.0,-0.8010521088721669,0.1725122878666453,-0.3163355355223283,0.0,-0.18897507130556998,0.34437051376475375,3,XGBRegressor,,0.8,10.0,0.1,300.0,7.0,7.0,0.01,0.0,0.8
0.1535550594329834,0.010612179023347684,0.015201711654663086,0.0003826422730917293,,"{'model__subsample': 0.6, 'model__reg_lambda': 0.1, 'model__reg_alpha': 0, 'model__n_estimators': 300, 'model__min_child_weight': 7, 'model__max_depth': 5, 'model__learning_rate': 0.05, 'model__gamma': 1, 'model__colsample_bytree': 0.6}",0.0,-2.242520310843425,0.15977294775001405,-0.5741900183188933,0.0,-0.5313874762824609,0.8913198827318795,21,XGBRegressor,,0.6,0.1,0.0,300.0,7.0,5.0,0.05,1.0,0.6
0.13817791938781737,0.016918937007062693,0.014073657989501952,0.0008476325700288387,,"{'model__subsample': 0.6, 'model__reg_lambda': 0.1, 'model__reg_alpha': 1, 'model__n_estimators': 100, 'model__min_child_weight': 3, 'model__max_depth': 5, 'model__learning_rate': 0.01, 'model__gamma': 1, 'model__colsample_bytree': 0.6}",0.0,-2.283773792582849,0.12884446117412485,-0.5260072459354435,0.0,-0.5361873154688336,0.9023772013179099,22,XGBRegressor,,0.6,0.1,1.0,100.0,3.0,5.0,0.01,1.0,0.6
0.17838311195373535,0.008937158812849724,0.014879274368286132,0.0008606099040258155,,"{'model__subsample': 0.6, 'model__reg_lambda': 10, 'model__reg_alpha': 0, 'model__n_estimators': 500, 'model__min_child_weight': 3, 'model__max_depth': 5, 'model__learning_rate': 0.1, 'model__gamma': 1, 'model__colsample_bytree': 0.6}",0.0,-2.400352886275356,0.10788611906289902,-0.4551082481968147,0.0,-0.5495150030818544,0.9455816429958239,24,XGBRegressor,,0.6,10.0,0.0,500.0,3.0,5.0,0.1,1.0,0.6
0.15112948417663574,0.02633316937193861,0.01266779899597168,0.0016959564959077643,,"{'model__subsample': 0.8, 'model__reg_lambda': 1, 'model__reg_alpha': 0.1, 'model__n_estimators': 100, 'model__min_child_weight': 7, 'model__max_depth': 5, 'model__learning_rate': 0.01, 'model__gamma': 1, 'model__colsample_bytree': 0.6}",0.0,-2.0378951951636934,0.13235261424669587,-0.4183566680289805,0.0,-0.4647798497891957,0.8081404331925457,14,XGBRegressor,,0.8,1.0,0.1,100.0,7.0,5.0,0.01,1.0,0.6
0.015859174728393554,0.0007980291092179391,0.00638270378112793,0.00054022924871306,,{'model__alpha': np.float64(1.7278333356005697)},0.0,0.0,-1.3831717623663935,-1.0353535353535355,0.0,-0.4837050595439858,0.6025393172622954,37,OrdinalRidge,1.7278333356005697,,,,,,,,,
0.016575956344604494,0.001437111859223434,0.0067370891571044925,0.0009097444740892825,,{'model__alpha': np.float64(5.620033785354685)},0.0,0.0,-1.3427790206313701,-0.9915824915824916,0.0,-0.4668723024427724,0.5824847812466186,1,OrdinalRidge,5.620033785354685,,,,,,,,,
0.01717243194580078,0.0018120774419222415,0.006582498550415039,0.0011039946496540166,,{'model__alpha': np.float64(2.5746237254993782)},0.0,0.0,-1.3831717623663935,-0.9915824915824916,0.0,-0.47495085078977706,0.5947282418871719,26,OrdinalRidge,2.5746237254993782,,,,,,,,,
0.025310420989990236,0.0030887457894775506,0.009273576736450195,0.0014623391326034063,,{'model__alpha': np.float64(3.5166684412723943)},0.0,0.0,-1.3831717623663935,-0.9915824915824916,0.0,-0.47495085078977706,0.5947282418871719,26,OrdinalRidge,3.5166684412723943,,,,,,,,,
0.023595762252807618,0.005527243478015121,0.009231948852539062,0.0005246540377381305,,{'model__alpha': np.float64(3.9123259252748626)},0.0,0.0,-1.3831717623663935,-0.9915824915824916,0.0,-0.47495085078977706,0.5947282418871719,26,OrdinalRidge,3.9123259252748626,,,,,,,,,
0.02284846305847168,0.004235625693727654,0.007826280593872071,0.0009890803808585377,,{'model__alpha': np.float64(6.965339039668636)},0.0,0.0,-1.3427790206313701,-1.0134680134680134,0.0,-0.4712494068198767,0.5864798198455109,3,OrdinalRidge,6.965339039668636,,,,,,,,,
0.01657872200012207,0.0015008908727589185,0.006614875793457031,0.0006320066215668155,,{'model__alpha': np.float64(1.73563239946032)},0.0,0.0,-1.3831717623663935,-1.0353535353535355,0.0,-0.4837050595439858,0.6025393172622954,37,OrdinalRidge,1.73563239946032,,,,,,,,,
0.017357730865478517,0.0005441969869034078,0.007118082046508789,0.0004889136415759972,,{'model__alpha': np.float64(5.364764227557267)},0.0,0.0,-1.3427790206313701,-0.9915824915824916,0.0,-0.4668723024427724,0.5824847812466186,1,OrdinalRidge,5.364764227557267,,,,,,,,,
0.017837047576904297,0.003110112187509277,0.007462549209594727,0.0011378585214299492,,{'model__alpha': np.float64(6.688485793172607)},0.0,0.0,-1.3427790206313701,-1.0134680134680134,0.0,-0.4712494068198767,0.5864798198455109,3,OrdinalRidge,6.688485793172607,,,,,,,,,
0.021851730346679688,0.005190386164099127,0.010272407531738281,0.003656660308184578,,{'model__alpha': np.float64(6.366610285430503)},0.0,0.0,-1.3427790206313701,-1.0134680134680134,0.0,-0.4712494068198767,0.5864798198455109,3,OrdinalRidge,6.366610285430503,,,,,,,,,
0.02710299491882324,0.002843509046128613,0.010492753982543946,0.0009551213539663034,,{'model__alpha': np.float64(4.512540387654878)},0.0,0.0,-1.3831717623663935,-0.9915824915824916,0.0,-0.47495085078977706,0.5947282418871719,26,OrdinalRidge,4.512540387654878,,,,,,,,,
0.022298479080200197,0.0027694408663791986,0.00916152000427246,0.0003903242125219746,,{'model__alpha': np.float64(2.6526580808511677)},0.0,0.0,-1.3831717623663935,-0.9915824915824916,0.0,-0.47495085078977706,0.5947282418871719,26,OrdinalRidge,2.6526580808511677,,,,,,,,,
0.02390875816345215,0.002703436864440074,0.009817361831665039,0.0009096618230320507,,{'model__alpha': np.float64(0.45449255442482617)},0.0,0.0,-1.5043499875714645,-1.0134680134680134,0.0,-0.5035636002078956,0.6359724525728108,45,OrdinalRidge,0.45449255442482617,,,,,,,,,
0.0265195369720459,0.00367796812799751,0.009685230255126954,0.0009932202482042123,,{'model__alpha': np.float64(7.443098791773362)},0.0,0.0,-1.3427790206313701,-1.0134680134680134,0.0,-0.4712494068198767,0.5864798198455109,3,OrdinalRidge,7.443098791773362,,,,,,,,,
0.024895095825195314,0.009524552104638097,0.007719612121582032,0.0010323694791556206,,{'model__alpha': np.float64(0.04977629573088606)},0.0,0.0,-1.5043499875714645,-1.0134680134680134,0.0,-0.5035636002078956,0.6359724525728108,45,OrdinalRidge,0.04977629573088606,,,,,,,,,
0.01753544807434082,0.0038957960279994144,0.0075607776641845705,0.0034776660162013614,,{'model__alpha': np.float64(6.304703767073993)},0.0,0.0,-1.3427790206313701,-1.0134680134680134,0.0,-0.4712494068198767,0.5864798198455109,3,OrdinalRidge,6.304703767073993,,,,,,,,,
0.022476005554199218,0.002229688626460671,0.010118532180786132,0.0006349156755698307,,{'model__alpha': np.float64(3.327325235469329)},0.0,0.0,-1.3831717623663935,-0.9915824915824916,0.0,-0.47495085078977706,0.5947282418871719,26,OrdinalRidge,3.327325235469329,,,,,,,,,
0.023422384262084962,0.0039959584370011,0.008852148056030273,0.0012060798971959864,,{'model__alpha': np.float64(3.5610381255343855)},0.0,0.0,-1.3831717623663935,-0.9915824915824916,0.0,-0.47495085078977706,0.5947282418871719,26,OrdinalRidge,3.5610381255343855,,,,,,,,,
0.021659660339355468,0.0038801860564501005,0.00971360206604004,0.001210586993113661,,{'model__alpha': np.float64(8.667944641903292)},0.0,0.0,-1.3427790206313701,-1.0134680134680134,0.0,-0.4712494068198767,0.5864798198455109,3,OrdinalRidge,8.667944641903292,,,,,,,,,
0.023229360580444336,0.004410269038974934,0.008995342254638671,0.0014218404983861097,,{'model__alpha': np.float64(6.309101125108037)},0.0,0.0,-1.3427790206313701,-1.0134680134680134,0.0,-0.4712494068198767,0.5864798198455109,3,OrdinalRidge,6.309101125108037,,,,,,,,,
0.024644947052001952,0.0035676592607284843,0.008915233612060546,0.0014557318282994607,,{'model__alpha': np.float64(9.656670639926794)},0.0,0.0,-1.3427790206313701,-1.0134680134680134,0.0,-0.4712494068198767,0.5864798198455109,3,OrdinalRidge,9.656670639926794,,,,,,,,,
0.020342540740966798,0.003440418964888123,0.007877588272094727,0.0009324299161032261,,{'model__alpha': np.float64(9.0391115073447)},0.0,0.0,-1.3427790206313701,-1.0134680134680134,0.0,-0.4712494068198767,0.5864798198455109,3,OrdinalRidge,9.0391115073447,,,,,,,,,
0.016982126235961913,0.003497385020983758,0.007386493682861328,0.0014806986835956657,,{'model__alpha': np.float64(0.5883846983889289)},0.0,0.0,-1.5043499875714645,-1.0134680134680134,0.0,-0.5035636002078956,0.6359724525728108,45,OrdinalRidge,0.5883846983889289,,,,,,,,,
0.024204015731811523,0.0031122459421532166,0.010715293884277343,0.001278787820648526,,{'model__alpha': np.float64(6.140962271095652)},0.0,0.0,-1.3427790206313701,-1.0134680134680134,0.0,-0.4712494068198767,0.5864798198455109,3,OrdinalRidge,6.140962271095652,,,,,,,,,
0.0256134033203125,0.004105805750127396,0.011412334442138673,0.0008668166728673061,,{'model__alpha': np.float64(0.18847549881054793)},0.0,0.0,-1.5043499875714645,-1.0134680134680134,0.0,-0.5035636002078956,0.6359724525728108,45,OrdinalRidge,0.18847549881054793,,,,,,,,,
0.02444605827331543,0.00219847296204891,0.01015644073486328,0.001176454888318773,,{'model__alpha': np.float64(1.7516897511185052)},0.0,0.0,-1.3831717623663935,-1.0353535353535355,0.0,-0.4837050595439858,0.6025393172622954,37,OrdinalRidge,1.7516897511185052,,,,,,,,,
0.02757878303527832,0.005884143478031501,0.010236835479736328,0.0029640541326281826,,{'model__alpha': np.float64(0.7803110714665455)},0.0,0.0,-1.4639572458364407,-1.0134680134680134,0.0,-0.4954850518608908,0.6233395621764866,43,OrdinalRidge,0.7803110714665455,,,,,,,,,
0.022251081466674805,0.005763617970003706,0.008546543121337891,0.001543926023182138,,{'model__alpha': np.float64(0.8020319199342478)},0.0,0.0,-1.4639572458364407,-1.0134680134680134,0.0,-0.4954850518608908,0.6233395621764866,43,OrdinalRidge,0.8020319199342478,,,,,,,,,
0.021580839157104494,0.00213186220066384,0.008397054672241212,0.0008840461815789937,,{'model__alpha': np.float64(8.488621612229826)},0.0,0.0,-1.3427790206313701,-1.0134680134680134,0.0,-0.4712494068198767,0.5864798198455109,3,OrdinalRidge,8.488621612229826,,,,,,,,,
0.022573041915893554,0.003198460482772577,0.009665346145629883,0.0006495425046701171,,{'model__alpha': np.float64(0.1144211676587963)},0.0,0.0,-1.5043499875714645,-1.0134680134680134,0.0,-0.5035636002078956,0.6359724525728108,45,OrdinalRidge,0.1144211676587963,,,,,,,,,
0.024252605438232423,0.0017498240493879916,0.010428857803344727,0.0002573497431873561,,{'model__alpha': np.float64(0.09990585900359218)},0.0,0.0,-1.5043499875714645,-1.0134680134680134,0.0,-0.5035636002078956,0.6359724525728108,45,OrdinalRidge,0.09990585900359218,,,,,,,,,
0.02496490478515625,0.0007731212407057218,0.009533357620239259,0.0015077462563761388,,{'model__alpha': np.float64(8.59133030734665)},0.0,0.0,-1.3427790206313701,-1.0134680134680134,0.0,-0.4712494068198767,0.5864798198455109,3,OrdinalRidge,8.59133030734665,,,,,,,,,
0.02413601875305176,0.0014095374905364261,0.009361648559570312,0.0007896645284841517,,{'model__alpha': np.float64(6.080835012121633)},0.0,0.0,-1.3427790206313701,-1.0134680134680134,0.0,-0.4712494068198767,0.5864798198455109,3,OrdinalRidge,6.080835012121633,,,,,,,,,
0.02642674446105957,0.0033888053107146644,0.013033580780029298,0.006043432638888408,,{'model__alpha': np.float64(7.011688415066453)},0.0,0.0,-1.3427790206313701,-1.0134680134680134,0.0,-0.4712494068198767,0.5864798198455109,3,OrdinalRidge,7.011688415066453,,,,,,,,,
0.021551895141601562,0.008363997876569631,0.007421302795410156,0.0017152718849075138,,{'model__alpha': np.float64(2.418120702879025)},0.0,0.0,-1.3831717623663935,-1.0134680134680134,0.0,-0.47932795516688137,0.5985825081821615,35,OrdinalRidge,2.418120702879025,,,,,,,,,
0.020273160934448243,0.00482891935720467,0.008597707748413086,0.0016270756169072015,,{'model__alpha': np.float64(6.196878932879573)},0.0,0.0,-1.3427790206313701,-1.0134680134680134,0.0,-0.4712494068198767,0.5864798198455109,3,OrdinalRidge,6.196878932879573,,,,,,,,,
0.018660879135131835,0.0017761647235513063,0.00772390365600586,0.0009207101812627945,,{'model__alpha': np.float64(9.580197632508515)},0.0,0.0,-1.3427790206313701,-1.0134680134680134,0.0,-0.4712494068198767,0.5864798198455109,3,OrdinalRidge,9.580197632508515,,,,,,,,,
0.021552658081054686,0.0028652333852623156,0.008562088012695312,0.0013666340792710036,,{'model__alpha': np.float64(7.808148595526118)},0.0,0.0,-1.3427790206313701,-1.0134680134680134,0.0,-0.4712494068198767,0.5864798198455109,3,OrdinalRidge,7.808148595526118,,,,,,,,,
0.020383310317993165,0.003024370172652837,0.008136177062988281,0.0005737270644586593,,{'model__alpha': np.float64(5.9748942738989825)},0.0,0.0,-1.3427790206313701,-1.0134680134680134,0.0,-0.4712494068198767,0.5864798198455109,3,OrdinalRidge,5.9748942738989825,,,,,,,,,
0.021108531951904298,0.0029326807418727893,0.008852386474609375,0.00039346242307821837,,{'model__alpha': np.float64(1.2075451343352965)},0.0,0.0,-1.4235645041014173,-1.0353535353535355,0.0,-0.49178360789099057,0.61469297304511,40,OrdinalRidge,1.2075451343352965,,,,,,,,,
0.018429946899414063,0.0026404901848921776,0.007353639602661133,0.0009514816540732685,,{'model__alpha': np.float64(9.9214108067146)},0.0,0.0,-1.3427790206313701,-1.0134680134680134,0.0,-0.4712494068198767,0.5864798198455109,3,OrdinalRidge,9.9214108067146,,,,,,,,,
0.015686941146850587,0.0025973814671923436,0.006707191467285156,0.0012847707965994396,,{'model__alpha': np.float64(1.3549987198855378)},0.0,0.0,-1.4235645041014173,-1.0353535353535355,0.0,-0.49178360789099057,0.61469297304511,40,OrdinalRidge,1.3549987198855378,,,,,,,,,
0.02138810157775879,0.002415466199400147,0.008981132507324218,0.0009738716897696135,,{'model__alpha': np.float64(1.3309862834866342)},0.0,0.0,-1.4235645041014173,-1.0353535353535355,0.0,-0.49178360789099057,0.61469297304511,40,OrdinalRidge,1.3309862834866342,,,,,,,,,
0.022768068313598632,0.0037033107817826426,0.009036731719970704,0.0007874142586163309,,{'model__alpha': np.float64(7.869238338960263)},0.0,0.0,-1.3427790206313701,-1.0134680134680134,0.0,-0.4712494068198767,0.5864798198455109,3,OrdinalRidge,7.869238338960263,,,,,,,,,
0.02880234718322754,0.0018075109691336798,0.011818885803222656,0.0018491199845889936,,{'model__alpha': np.float64(9.586170128275072)},0.0,0.0,-1.3427790206313701,-1.0134680134680134,0.0,-0.4712494068198767,0.5864798198455109,3,OrdinalRidge,9.586170128275072,,,,,,,,,
0.03237004280090332,0.007824781938866042,0.010878801345825195,0.0006970648364025817,,{'model__alpha': np.float64(2.3800369333370415)},0.0,0.0,-1.3831717623663935,-1.0134680134680134,0.0,-0.47932795516688137,0.5985825081821615,35,OrdinalRidge,2.3800369333370415,,,,,,,,,
0.028803157806396484,0.010465094711836589,0.009721517562866211,0.0012893735304253737,,{'model__alpha': np.float64(2.991590020473633)},0.0,0.0,-1.3831717623663935,-0.9915824915824916,0.0,-0.47495085078977706,0.5947282418871719,26,OrdinalRidge,2.991590020473633,,,,,,,,,
0.026753616333007813,0.008335179543615637,0.012238788604736327,0.0029595132969114494,,{'model__alpha': np.float64(3.559891494914486)},0.0,0.0,-1.3831717623663935,-0.9915824915824916,0.0,-0.47495085078977706,0.5947282418871719,26,OrdinalRidge,3.559891494914486,,,,,,,,,
0.03129057884216309,0.004061362086201975,0.010218572616577149,0.0006850008075623125,,{'model__alpha': np.float64(9.07367991142035)},0.0,0.0,-1.3427790206313701,-1.0134680134680134,0.0,-0.4712494068198767,0.5864798198455109,3,OrdinalRidge,9.07367991142035,,,,,,,,,
0.022231912612915038,0.0030694734032305133,0.007565832138061524,0.0018844762166325014,,{'model__alpha': np.float64(6.42498271504949)},0.0,0.0,-1.3427790206313701,-1.0134680134680134,0.0,-0.4712494068198767,0.5864798198455109,3,OrdinalRidge,6.42498271504949,,,,,,,,,
0.03694601058959961,0.005037972264420088,0.007744455337524414,0.0008472357848918501,,{'model__alpha': np.float64(6.902898658679453)},0.0,0.0,-1.3831717623663935,-0.904040404040404,0.0,-0.4574424332813595,0.5803766496876726,22,LogisticAT,6.902898658679453,,,,,,,,,
0.03550262451171875,0.0036972144659241464,0.007557725906372071,0.0009660073166364117,,{'model__alpha': np.float64(6.292003635036585)},0.0,0.0,-1.3427790206313701,-0.9259259259259258,0.0,-0.45374098931145923,0.5711374425902781,21,LogisticAT,6.292003635036585,,,,,,,,,
0.04013490676879883,0.0062042444885394045,0.007337331771850586,0.0007609994183359281,,{'model__alpha': np.float64(3.1130039066465094)},0.0,0.0,-1.4639572458364407,-0.8821548821548821,0.0,-0.4692224255982646,0.603410246900915,26,LogisticAT,3.1130039066465094,,,,,,,,,
0.04763188362121582,0.008403578810314229,0.009618425369262695,0.001398441248885716,,{'model__alpha': np.float64(7.896370061081142)},0.0,0.0,-1.3831717623663935,-0.8602693602693603,0.0,-0.44868822452715074,0.5738679085433119,8,LogisticAT,7.896370061081142,,,,,,,,,
0.05165653228759766,0.005778030749700764,0.010799026489257813,0.00012198745254801306,,{'model__alpha': np.float64(8.928947258409805)},0.0,0.0,-1.3831717623663935,-0.8383838383838382,0.0,-0.44431112015004637,0.570787127960333,3,LogisticAT,8.928947258409805,,,,,,,,,
0.05629544258117676,0.0059672850426178235,0.011148691177368164,0.001625065855289976,,{'model__alpha': np.float64(5.181388467614717)},0.0,0.0,-1.4235645041014173,-0.9259259259259258,0.0,-0.46989808600546856,0.5966328287114753,27,LogisticAT,5.181388467614717,,,,,,,,,
0.057738113403320315,0.01881918825762967,0.009088420867919922,0.0013847132735593402,,{'model__alpha': np.float64(3.027373760848534)},0.0,0.0,-1.4639572458364407,-0.904040404040404,0.0,-0.4735995299753689,0.6064614242983806,38,LogisticAT,3.027373760848534,,,,,,,,,
0.04025821685791016,0.006177551494608227,0.009184122085571289,0.0011607569186256523,,{'model__alpha': np.float64(9.64780699608292)},0.0,0.0,-1.3831717623663935,-0.8383838383838382,0.0,-0.44431112015004637,0.570787127960333,3,LogisticAT,9.64780699608292,,,,,,,,,
0.04252495765686035,0.0032823153328980204,0.00934286117553711,0.0006921804453759257,,{'model__alpha': np.float64(7.991125303386294)},0.0,0.0,-1.3831717623663935,-0.8602693602693603,0.0,-0.44868822452715074,0.5738679085433119,8,LogisticAT,7.991125303386294,,,,,,,,,
0.04054551124572754,0.007282098892503573,0.008461809158325196,0.000629184084341804,,{'model__alpha': np.float64(4.839624152410029)},0.0,0.0,-1.4235645041014173,-0.9259259259259258,0.0,-0.46989808600546856,0.5966328287114753,27,LogisticAT,4.839624152410029,,,,,,,,,
0.04194626808166504,0.0033439019072597246,0.009342145919799805,0.0018401974505917343,,{'model__alpha': np.float64(7.435117116472808)},0.0,0.0,-1.3831717623663935,-0.8821548821548821,0.0,-0.4530653289042551,0.577065056824938,15,LogisticAT,7.435117116472808,,,,,,,,,
0.04602804183959961,0.008089412812123581,0.010467910766601562,0.0005183905860550671,,{'model__alpha': np.float64(8.628754743780284)},0.0,0.0,-1.3831717623663935,-0.8602693602693603,0.0,-0.44868822452715074,0.5738679085433119,8,LogisticAT,8.628754743780284,,,,,,,,,
0.050072431564331055,0.0076755605035524225,0.010496568679809571,0.0007567302550518445,,{'model__alpha': np.float64(8.26986091243238)},0.0,0.0,-1.3831717623663935,-0.8602693602693603,0.0,-0.44868822452715074,0.5738679085433119,8,LogisticAT,8.26986091243238,,,,,,,,,
0.04720087051391601,0.010850233005603845,0.009394168853759766,0.0016393255322491402,,{'model__alpha': np.float64(9.002683524957254)},0.0,0.0,-1.3831717623663935,-0.8383838383838382,0.0,-0.44431112015004637,0.570787127960333,3,LogisticAT,9.002683524957254,,,,,,,,,
0.037447547912597655,0.0056304232141852146,0.008266687393188477,0.0008799026866703481,,{'model__alpha': np.float64(7.57252586857907)},0.0,0.0,-1.3831717623663935,-0.8821548821548821,0.0,-0.4530653289042551,0.577065056824938,15,LogisticAT,7.57252586857907,,,,,,,,,
0.04409480094909668,0.004708768120294736,0.010255193710327149,0.000529674647463969,,{'model__alpha': np.float64(8.524341903528418)},0.0,0.0,-1.3831717623663935,-0.8602693602693603,0.0,-0.44868822452715074,0.5738679085433119,8,LogisticAT,8.524341903528418,,,,,,,,,
0.05208477973937988,0.004289205686498127,0.009984779357910156,0.001638984423528274,,{'model__alpha': np.float64(2.891980107018236)},0.0,0.0,-1.4639572458364407,-0.904040404040404,0.0,-0.4735995299753689,0.6064614242983806,38,LogisticAT,2.891980107018236,,,,,,,,,
0.05996885299682617,0.009059748687884091,0.010337018966674804,0.0014536863001188205,,{'model__alpha': np.float64(3.4796902879241793)},0.0,0.0,-1.4235645041014173,-0.9259259259259258,0.0,-0.46989808600546856,0.5966328287114753,27,LogisticAT,3.4796902879241793,,,,,,,,,
0.05974593162536621,0.00341550759438193,0.010219430923461914,0.001059434417984971,,{'model__alpha': np.float64(3.25704534837747)},0.0,0.0,-1.4639572458364407,-0.9259259259259258,0.0,-0.4779766343524733,0.6096230512380926,42,LogisticAT,3.25704534837747,,,,,,,,,
0.047001218795776366,0.007609481628691794,0.008107137680053712,0.0007716331679618789,,{'model__alpha': np.float64(5.149566153414485)},0.0,0.0,-1.4235645041014173,-0.9259259259259258,0.0,-0.46989808600546856,0.5966328287114753,27,LogisticAT,5.149566153414485,,,,,,,,,
0.038170146942138675,0.006504138916325312,0.007746124267578125,0.0012447482761511774,,{'model__alpha': np.float64(4.022190786562712)},0.0,0.0,-1.4235645041014173,-0.9478114478114477,0.0,-0.474275190382573,0.6000329419086617,40,LogisticAT,4.022190786562712,,,,,,,,,
0.042965269088745116,0.006316043934837285,0.008291339874267578,0.0011545471879095752,,{'model__alpha': np.float64(3.7670724500863546)},0.0,0.0,-1.4235645041014173,-0.9259259259259258,0.0,-0.46989808600546856,0.5966328287114753,27,LogisticAT,3.7670724500863546,,,,,,,,,
0.03922295570373535,0.005886771401658022,0.0078106880187988285,0.0017927979729932117,,{'model__alpha': np.float64(5.3538986206765715)},0.0,0.0,-1.4235645041014173,-0.9259259259259258,0.0,-0.46989808600546856,0.5966328287114753,27,LogisticAT,5.3538986206765715,,,,,,,,,
0.0361119270324707,0.0040186895405650725,0.007927751541137696,0.0010050483279184016,,{'model__alpha': np.float64(9.276876951787923)},0.0,0.0,-1.3831717623663935,-0.8383838383838382,0.0,-0.44431112015004637,0.570787127960333,3,LogisticAT,9.276876951787923,,,,,,,,,
0.04560651779174805,0.005544348882314403,0.009035491943359375,0.0011707595498905694,,{'model__alpha': np.float64(5.490683185929473)},0.0,0.0,-1.4235645041014173,-0.9259259259259258,0.0,-0.46989808600546856,0.5966328287114753,27,LogisticAT,5.490683185929473,,,,,,,,,
0.054968833923339844,0.008291153584230318,0.009579181671142578,0.0013799038591276475,,{'model__alpha': np.float64(2.3141962291361313)},0.0,0.0,-1.4639572458364407,-0.9259259259259258,0.0,-0.4779766343524733,0.6096230512380926,42,LogisticAT,2.3141962291361313,,,,,,,,,
0.04660215377807617,0.003921276975224782,0.011046123504638673,0.0009203744938590336,,{'model__alpha': np.float64(9.848521346388843)},0.0,0.0,-1.3831717623663935,-0.8383838383838382,0.0,-0.44431112015004637,0.570787127960333,3,LogisticAT,9.848521346388843,,,,,,,,,
0.05438189506530762,0.00770072247839164,0.010454225540161132,0.0003641893359969235,,{'model__alpha': np.float64(7.517929771702516)},0.0,0.0,-1.3831717623663935,-0.8821548821548821,0.0,-0.4530653289042551,0.577065056824938,15,LogisticAT,7.517929771702516,,,,,,,,,
0.05248527526855469,0.006490819134452461,0.00948319435119629,0.0010380408886581129,,{'model__alpha': np.float64(4.465717077905581)},0.0,0.0,-1.4639572458364407,-0.9478114478114477,0.0,-0.48235373872957765,0.6128934184517633,47,LogisticAT,4.465717077905581,,,,,,,,,
0.040163850784301756,0.008905105224810476,0.008823394775390625,0.0012675620656453467,,{'model__alpha': np.float64(9.163677631953277)},0.0,0.0,-1.3831717623663935,-0.8602693602693603,0.0,-0.44868822452715074,0.5738679085433119,8,LogisticAT,9.163677631953277,,,,,,,,,
0.03731236457824707,0.0037941024825024158,0.008344697952270507,0.00112688070047269,,{'model__alpha': np.float64(7.550627078862653)},0.0,0.0,-1.3831717623663935,-0.8821548821548821,0.0,-0.4530653289042551,0.577065056824938,15,LogisticAT,7.550627078862653,,,,,,,,,
0.10223541259765626,0.01408544770352596,0.01055440902709961,0.0006783377146302705,,{'model__alpha': np.float64(0.15359288658152992)},1.0,0.0,-1.5851354710415118,-0.8821548821548821,0.0,-0.29345807063927876,0.8786652948133378,1,LogisticAT,0.15359288658152992,,,,,,,,,
0.05032095909118652,0.006570453293978984,0.010370492935180664,0.0008442212078155235,,{'model__alpha': np.float64(4.880443059197617)},0.0,0.0,-1.4235645041014173,-0.9259259259259258,0.0,-0.46989808600546856,0.5966328287114753,27,LogisticAT,4.880443059197617,,,,,,,,,
0.055470609664916994,0.01397640198541312,0.008241605758666993,0.001382079056596193,,{'model__alpha': np.float64(7.354747563030367)},0.0,0.0,-1.3831717623663935,-0.8821548821548821,0.0,-0.4530653289042551,0.577065056824938,15,LogisticAT,7.354747563030367,,,,,,,,,
0.045348072052001955,0.006934700422474416,0.008285951614379884,0.0008625773105178947,,{'model__alpha': np.float64(3.3727194729727015)},0.0,0.0,-1.4639572458364407,-0.9259259259259258,0.0,-0.4779766343524733,0.6096230512380926,42,LogisticAT,3.3727194729727015,,,,,,,,,
0.03996143341064453,0.005378550581243752,0.008417606353759766,0.0013581067386957526,,{'model__alpha': np.float64(5.697974011469251)},0.0,0.0,-1.3831717623663935,-0.9478114478114477,0.0,-0.4661966420355682,0.5873353589873487,24,LogisticAT,5.697974011469251,,,,,,,,,
0.046501874923706055,0.006092941967557835,0.009345388412475586,0.0010998845999010728,,{'model__alpha': np.float64(5.41790536963699)},0.0,0.0,-1.4235645041014173,-0.9259259259259258,0.0,-0.46989808600546856,0.5966328287114753,27,LogisticAT,5.41790536963699,,,,,,,,,
0.04434056282043457,0.00805707190244998,0.008882379531860352,0.0020167413510676713,,{'model__alpha': np.float64(8.77968837275104)},0.0,0.0,-1.3831717623663935,-0.8602693602693603,0.0,-0.44868822452715074,0.5738679085433119,8,LogisticAT,8.77968837275104,,,,,,,,,
0.04152359962463379,0.005707277481138907,0.007313728332519531,0.000676072260863729,,{'model__alpha': np.float64(4.06275754863427)},0.0,0.0,-1.4235645041014173,-0.9478114478114477,0.0,-0.474275190382573,0.6000329419086617,40,LogisticAT,4.06275754863427,,,,,,,,,
0.04722275733947754,0.004479667835945993,0.009115314483642578,0.00073789841674706,,{'model__alpha': np.float64(3.2947167000562456)},0.0,0.0,-1.4639572458364407,-0.9259259259259258,0.0,-0.4779766343524733,0.6096230512380926,42,LogisticAT,3.2947167000562456,,,,,,,,,
0.041594934463500974,0.005926618472073459,0.008545446395874023,0.0009276219698099279,,{'model__alpha': np.float64(4.574295003241779)},0.0,0.0,-1.4235645041014173,-0.9259259259259258,0.0,-0.46989808600546856,0.5966328287114753,27,LogisticAT,4.574295003241779,,,,,,,,,
0.06030497550964355,0.009250752807952586,0.009347009658813476,0.0018955235031198065,,{'model__alpha': np.float64(0.8095813538361301)},0.0,0.0,-1.5851354710415118,-0.9259259259259258,0.0,-0.5022122793934874,0.6494470592723884,50,LogisticAT,0.8095813538361301,,,,,,,,,
0.19566421508789061,0.01905220573320565,0.012034988403320313,0.0013204752648654644,,{'model__alpha': np.float64(0.010535649358854215)},1.0,0.0,-1.7063136962465828,-0.7946127946127945,0.0,-0.30018529817187545,0.904694407760802,2,LogisticAT,0.010535649358854215,,,,,,,,,
0.05490751266479492,0.00496544213474229,0.010886240005493163,0.0006701624271226393,,{'model__alpha': np.float64(7.533464022589431)},0.0,0.0,-1.3831717623663935,-0.8821548821548821,0.0,-0.4530653289042551,0.577065056824938,15,LogisticAT,7.533464022589431,,,,,,,,,
0.07026205062866211,0.010408169095832044,0.011719942092895508,0.0009429575549195341,,{'model__alpha': np.float64(3.318587752502791)},0.0,0.0,-1.4639572458364407,-0.9259259259259258,0.0,-0.4779766343524733,0.6096230512380926,42,LogisticAT,3.318587752502791,,,,,,,,,
0.059184932708740236,0.008803856090153042,0.010939931869506836,0.0002029134907062318,,{'model__alpha': np.float64(5.74321054348508)},0.0,0.0,-1.3831717623663935,-0.9478114478114477,0.0,-0.4661966420355682,0.5873353589873487,24,LogisticAT,5.74321054348508,,,,,,,,,
0.06011648178100586,0.006006915865644342,0.01170663833618164,0.0006376599351066069,,{'model__alpha': np.float64(4.7617660834586)},0.0,0.0,-1.4235645041014173,-0.9259259259259258,0.0,-0.46989808600546856,0.5966328287114753,27,LogisticAT,4.7617660834586,,,,,,,,,
0.055806303024291994,0.00826378053962429,0.010736036300659179,0.0006991959915034056,,{'model__alpha': np.float64(6.90443926075435)},0.0,0.0,-1.3831717623663935,-0.904040404040404,0.0,-0.4574424332813595,0.5803766496876726,22,LogisticAT,6.90443926075435,,,,,,,,,
0.0754349708557129,0.016485730574356976,0.010613298416137696,0.000777767078899186,,{'model__alpha': np.float64(1.1266325637448142)},0.0,0.0,-1.544742729306488,-0.9259259259259258,0.0,-0.4941337310464828,0.6360390238432626,48,LogisticAT,1.1266325637448142,,,,,,,,,
0.062358665466308597,0.015329201679706292,0.006452417373657227,0.0009755500652706735,,{'model__alpha': np.float64(0.7197667016935998)},0.0,0.0,-1.544742729306488,-0.9259259259259258,0.0,-0.4941337310464828,0.6360390238432626,48,LogisticAT,0.7197667016935998,,,,,,,,,
